--
-- PostgreSQL database dump
--

-- Dumped from database version 10.5
-- Dumped by pg_dump version 10.5

SET statement_timeout = 0;
SET lock_timeout = 0;
SET idle_in_transaction_session_timeout = 0;
SET client_encoding = 'UTF8';
SET standard_conforming_strings = on;
SELECT pg_catalog.set_config('search_path', '', false);
SET check_function_bodies = false;
SET client_min_messages = warning;
SET row_security = off;

--
-- Name: plpgsql; Type: EXTENSION; Schema: -; Owner: 
--

CREATE EXTENSION IF NOT EXISTS plpgsql WITH SCHEMA pg_catalog;


--
-- Name: EXTENSION plpgsql; Type: COMMENT; Schema: -; Owner: 
--

COMMENT ON EXTENSION plpgsql IS 'PL/pgSQL procedural language';


--
-- Name: audit_id_seq; Type: SEQUENCE; Schema: public; Owner: postgres
--

CREATE SEQUENCE public.audit_id_seq
    START WITH 1
    INCREMENT BY 1
    NO MINVALUE
    NO MAXVALUE
    CACHE 1;


ALTER TABLE public.audit_id_seq OWNER TO postgres;

SET default_tablespace = '';

SET default_with_oids = false;

--
-- Name: base_table; Type: TABLE; Schema: public; Owner: postgres
--

CREATE TABLE public.base_table (
    create_ts timestamp with time zone DEFAULT now() NOT NULL,
    update_ts timestamp with time zone
);


ALTER TABLE public.base_table OWNER TO postgres;

--
-- Name: audit; Type: TABLE; Schema: public; Owner: postgres
--

CREATE TABLE public.audit (
    id bigint DEFAULT nextval('public.audit_id_seq'::regclass) NOT NULL,
    field_name character varying NOT NULL,
    old_value character varying,
    new_value character varying,
    table_name character varying,
    key character varying
)
INHERITS (public.base_table);


ALTER TABLE public.audit OWNER TO postgres;

--
-- Name: benefit_plan_id_seq; Type: SEQUENCE; Schema: public; Owner: postgres
--

CREATE SEQUENCE public.benefit_plan_id_seq
    START WITH 1
    INCREMENT BY 1
    NO MINVALUE
    NO MAXVALUE
    CACHE 1;


ALTER TABLE public.benefit_plan_id_seq OWNER TO postgres;

--
-- Name: benefit_plan; Type: TABLE; Schema: public; Owner: postgres
--

CREATE TABLE public.benefit_plan (
    id integer DEFAULT nextval('public.benefit_plan_id_seq'::regclass) NOT NULL,
    name character varying NOT NULL,
    provider character varying,
    type character varying,
    create_ts timestamp with time zone,
    update_ts timestamp with time zone
);


ALTER TABLE public.benefit_plan OWNER TO postgres;

--
-- Name: benefit_report; Type: TABLE; Schema: public; Owner: postgres
--

CREATE TABLE public.benefit_report (
    id integer NOT NULL,
    employee_id bigint,
    year_month character varying,
    benefit_cost numeric,
    employer_comp numeric,
    final_cost numeric,
    report_number bigint
)
INHERITS (public.base_table);


ALTER TABLE public.benefit_report OWNER TO postgres;

--
-- Name: benefit_report_id_seq; Type: SEQUENCE; Schema: public; Owner: postgres
--

CREATE SEQUENCE public.benefit_report_id_seq
    START WITH 1
    INCREMENT BY 1
    NO MINVALUE
    NO MAXVALUE
    CACHE 1;


ALTER TABLE public.benefit_report_id_seq OWNER TO postgres;

--
-- Name: benefit_report_id_seq; Type: SEQUENCE OWNED BY; Schema: public; Owner: postgres
--

ALTER SEQUENCE public.benefit_report_id_seq OWNED BY public.benefit_report.id;


--
-- Name: dependent_id_seq; Type: SEQUENCE; Schema: public; Owner: postgres
--

CREATE SEQUENCE public.dependent_id_seq
    START WITH 1
    INCREMENT BY 1
    NO MINVALUE
    NO MAXVALUE
    CACHE 1;


ALTER TABLE public.dependent_id_seq OWNER TO postgres;

--
-- Name: dependent; Type: TABLE; Schema: public; Owner: postgres
--

CREATE TABLE public.dependent (
    id bigint DEFAULT nextval('public.dependent_id_seq'::regclass) NOT NULL,
    first_name character varying,
    last_name character varying,
    birthday date,
    employee_id bigint,
    medical_plan_flag boolean,
    dental_plan_flag boolean,
    vision_plan_flag boolean,
    type character varying,
    effective_date date
)
INHERITS (public.base_table);


ALTER TABLE public.dependent OWNER TO postgres;

--
-- Name: employee_id_seq; Type: SEQUENCE; Schema: public; Owner: postgres
--

CREATE SEQUENCE public.employee_id_seq
    START WITH 1
    INCREMENT BY 1
    NO MINVALUE
    NO MAXVALUE
    CACHE 1;


ALTER TABLE public.employee_id_seq OWNER TO postgres;

--
-- Name: employee; Type: TABLE; Schema: public; Owner: postgres
--

CREATE TABLE public.employee (
    id bigint DEFAULT nextval('public.employee_id_seq'::regclass) NOT NULL,
    first_name character varying,
    last_name character varying,
    login character varying,
    status character varying,
    birthday date,
    email character varying,
    start_date date,
    medical_plan_id bigint,
    dental_plan_id bigint,
    vision_plan_id bigint,
    medical_comp_id bigint,
    dental_comp_id bigint,
    vision_comp_id bigint
)
INHERITS (public.base_table);


ALTER TABLE public.employee OWNER TO postgres;

--
-- Name: employer_contribution; Type: TABLE; Schema: public; Owner: postgres
--

CREATE TABLE public.employer_contribution (
    id integer NOT NULL,
    service_year integer NOT NULL,
    amount numeric NOT NULL,
    coverage_type character varying,
    plan_type character varying
);


ALTER TABLE public.employer_contribution OWNER TO postgres;

--
-- Name: employer_contribution_id_seq; Type: SEQUENCE; Schema: public; Owner: postgres
--

CREATE SEQUENCE public.employer_contribution_id_seq
    START WITH 1
    INCREMENT BY 1
    NO MINVALUE
    NO MAXVALUE
    CACHE 1;


ALTER TABLE public.employer_contribution_id_seq OWNER TO postgres;

--
-- Name: employer_contribution_id_seq; Type: SEQUENCE OWNED BY; Schema: public; Owner: postgres
--

ALTER SEQUENCE public.employer_contribution_id_seq OWNED BY public.employer_contribution.id;


--
-- Name: plan_cost; Type: TABLE; Schema: public; Owner: postgres
--

CREATE TABLE public.plan_cost (
    id bigint NOT NULL,
    type character varying,
    plan_id bigint NOT NULL,
    min_age integer,
    max_age integer,
    cost numeric
);


ALTER TABLE public.plan_cost OWNER TO postgres;

--
-- Name: plan_cost_id_seq; Type: SEQUENCE; Schema: public; Owner: postgres
--

CREATE SEQUENCE public.plan_cost_id_seq
    START WITH 1
    INCREMENT BY 1
    NO MINVALUE
    NO MAXVALUE
    CACHE 1;


ALTER TABLE public.plan_cost_id_seq OWNER TO postgres;

--
-- Name: plan_cost_id_seq; Type: SEQUENCE OWNED BY; Schema: public; Owner: postgres
--

ALTER SEQUENCE public.plan_cost_id_seq OWNED BY public.plan_cost.id;


--
-- Name: audit create_ts; Type: DEFAULT; Schema: public; Owner: postgres
--

ALTER TABLE ONLY public.audit ALTER COLUMN create_ts SET DEFAULT now();


--
-- Name: benefit_report create_ts; Type: DEFAULT; Schema: public; Owner: postgres
--

ALTER TABLE ONLY public.benefit_report ALTER COLUMN create_ts SET DEFAULT now();


--
-- Name: benefit_report id; Type: DEFAULT; Schema: public; Owner: postgres
--

ALTER TABLE ONLY public.benefit_report ALTER COLUMN id SET DEFAULT nextval('public.benefit_report_id_seq'::regclass);


--
-- Name: dependent create_ts; Type: DEFAULT; Schema: public; Owner: postgres
--

ALTER TABLE ONLY public.dependent ALTER COLUMN create_ts SET DEFAULT now();


--
-- Name: employee create_ts; Type: DEFAULT; Schema: public; Owner: postgres
--

ALTER TABLE ONLY public.employee ALTER COLUMN create_ts SET DEFAULT now();


--
-- Name: employer_contribution id; Type: DEFAULT; Schema: public; Owner: postgres
--

ALTER TABLE ONLY public.employer_contribution ALTER COLUMN id SET DEFAULT nextval('public.employer_contribution_id_seq'::regclass);


--
-- Name: plan_cost id; Type: DEFAULT; Schema: public; Owner: postgres
--

ALTER TABLE ONLY public.plan_cost ALTER COLUMN id SET DEFAULT nextval('public.plan_cost_id_seq'::regclass);


--
-- Data for Name: audit; Type: TABLE DATA; Schema: public; Owner: postgres
--

COPY public.audit (create_ts, update_ts, id, field_name, old_value, new_value, table_name, key) FROM stdin;
2017-03-24 14:20:59.221-07	\N	1	status	ES	FAM	employee	1
2017-03-24 14:23:11.343-07	\N	2	status	EE	ES	employee	2
2017-03-24 14:35:43.003-07	\N	3	status	EE	ES	employee	3
\.


--
-- Data for Name: base_table; Type: TABLE DATA; Schema: public; Owner: postgres
--

COPY public.base_table (create_ts, update_ts) FROM stdin;
\.


--
-- Data for Name: benefit_plan; Type: TABLE DATA; Schema: public; Owner: postgres
--

COPY public.benefit_plan (id, name, provider, type, create_ts, update_ts) FROM stdin;
113	Silver 70 HMO 1000/50	Kaiser	M	\N	\N
114	Silver 70 HMO 2000/45	Kaiser	M	\N	\N
102	Bronze Full PPO Savings 5500/40% OffEx	Blue Shield	M	\N	\N
101	Bronze Full PPO 3750/65 OffEx	Blue Shield	M	\N	\N
104	Silver Full PPO 1700/40 OffEx	Blue Shield	M	\N	\N
103	Bronze Full PPO Savings 4700/40% OffEx	Blue Shield	M	\N	\N
106	Silver Full PPO Savings 2000/20% OffEx	Blue Shield	M	\N	\N
105	Silver Full PPO 1300/45 OffEx	Blue Shield	M	\N	\N
108	Gold Full PPO 750/20 OffEx	Blue Shield	M	\N	\N
107	Gold Full PPO 1000/35 OffEx	Blue Shield	M	\N	\N
111	Bronze 60 HDHP HMO 4800/40%	Kaiser	M	\N	\N
115	Gold 80 HMO 500/35	Kaiser	M	\N	\N
116	Gold 80 HMO 0/30	Kaiser	M	\N	\N
109	Gold Full PPO 0/20 OffEx	Blue Shield	M	\N	\N
112	Bronze 60 HMO 6300/75	Kaiser	M	\N	\N
110	Platinum Full PPO 0/10 OffEx	Blue Shield	M	\N	\N
202	Network Access 1500	Guardian	D	\N	\N
201	Choice Value 1500	Guardian	D	\N	\N
203	VSP - Full Feature - Choice B	Guardian	V	\N	\N
\.


--
-- Data for Name: benefit_report; Type: TABLE DATA; Schema: public; Owner: postgres
--

COPY public.benefit_report (create_ts, update_ts, id, employee_id, year_month, benefit_cost, employer_comp, final_cost, report_number) FROM stdin;
2017-10-06 11:54:45.078973-07	\N	352	21	2017-10	952.67	90	862.67	1001
2017-10-06 11:54:45.080246-07	\N	353	2	2017-10	1042.3899999999999	120	922.3899999999999	1001
2017-10-06 11:54:45.093079-07	\N	354	1	2017-10	652.67	90	562.67	1001
2017-10-06 11:54:45.093749-07	\N	355	17	2017-10	937.39	90	847.39	1001
2017-10-06 11:54:45.139896-07	\N	356	10	2017-10	937.39	110	827.39	1001
2017-10-06 11:54:45.142866-07	\N	357	20	2017-10	864.97	60	804.97	1001
2017-10-06 11:54:45.163637-07	\N	358	22	2017-10	1237.3899999999999	90	1147.3899999999999	1001
2017-10-06 11:54:45.182378-07	\N	359	23	2017-10	937.39	90	847.39	1001
2017-10-06 11:55:50.333403-07	\N	360	17	2017-10	937.39	90	847.39	1001
2017-10-06 11:55:50.355309-07	\N	362	2	2017-10	1042.3899999999999	120	922.3899999999999	1001
2017-10-06 11:55:50.355832-07	\N	361	20	2017-10	864.97	60	804.97	1001
2017-10-06 11:55:50.357434-07	\N	363	1	2017-10	652.67	90	562.67	1001
2017-10-06 11:55:50.394801-07	\N	364	21	2017-10	952.67	90	862.67	1001
2017-10-06 11:55:50.415543-07	\N	365	10	2017-10	937.39	110	827.39	1001
2017-10-06 11:55:50.452801-07	\N	366	22	2017-10	1237.3899999999999	90	1147.3899999999999	1001
2017-10-06 11:55:50.455865-07	\N	367	23	2017-10	937.39	90	847.39	1001
2017-10-06 11:57:40.171195-07	\N	368	2	2017-10	1042.3899999999999	120	922.3899999999999	1002
2017-10-06 11:57:40.177809-07	\N	369	1	2017-10	652.67	90	562.67	1002
2017-10-06 11:57:40.185188-07	\N	370	20	2017-10	864.97	60	804.97	1002
2017-10-06 11:57:40.192974-07	\N	371	10	2017-10	937.39	110	827.39	1002
2017-10-06 11:57:40.2451-07	\N	372	17	2017-10	937.39	90	847.39	1002
2017-10-06 11:57:40.248234-07	\N	373	21	2017-10	952.67	90	862.67	1002
2017-10-06 11:57:40.267066-07	\N	374	22	2017-10	1237.3899999999999	90	1147.3899999999999	1002
2017-10-06 11:57:40.279444-07	\N	375	23	2017-10	937.39	90	847.39	1002
2017-10-06 12:05:29.252622-07	\N	376	2	2017-10	1042.3899999999999	120	922.3899999999999	1003
2017-10-06 12:05:29.293843-07	\N	377	1	2017-10	652.67	90	562.67	1003
2017-10-06 12:05:29.295109-07	\N	378	17	2017-10	937.39	90	847.39	1003
2017-10-06 12:05:29.303493-07	\N	379	10	2017-10	937.39	110	827.39	1003
2017-10-06 12:05:29.320542-07	\N	380	21	2017-10	952.67	90	862.67	1003
2017-10-06 12:05:29.351598-07	\N	381	20	2017-10	864.97	60	804.97	1003
2017-10-06 12:05:29.380735-07	\N	382	22	2017-10	1237.3899999999999	90	1147.3899999999999	1003
2017-10-06 12:05:29.389041-07	\N	383	23	2017-10	937.39	90	847.39	1003
2017-10-06 12:06:31.320265-07	\N	384	17	2017-10	937.39	90	847.39	1004
2017-10-06 12:06:31.321295-07	\N	385	2	2017-10	1042.3899999999999	120	922.3899999999999	1004
2017-10-06 12:06:31.328475-07	\N	386	20	2017-10	864.97	60	804.97	1004
2017-10-06 12:06:31.335394-07	\N	387	1	2017-10	652.67	90	562.67	1004
2017-10-06 12:06:31.381175-07	\N	388	10	2017-10	937.39	110	827.39	1004
2017-10-06 12:06:31.381754-07	\N	389	21	2017-10	952.67	90	862.67	1004
2017-10-06 12:06:31.39387-07	\N	390	22	2017-10	1237.3899999999999	90	1147.3899999999999	1004
2017-10-06 12:06:31.407224-07	\N	391	23	2017-10	937.39	90	847.39	1004
2017-10-10 15:08:09.792422-07	\N	392	10	2017-10	937.39	110	827.39	1005
2017-10-10 15:08:09.789466-07	\N	394	21	2017-10	952.67	90	862.67	1005
2017-10-10 15:08:09.790763-07	\N	393	20	2017-10	864.97	60	804.97	1005
2017-10-10 15:08:09.789495-07	\N	395	2	2017-10	1042.3899999999999	120	922.3899999999999	1005
2017-10-10 15:08:09.78993-07	\N	396	17	2017-10	937.39	90	847.39	1005
2017-10-10 15:08:09.789523-07	\N	397	1	2017-10	652.67	90	562.67	1005
2017-10-10 15:08:09.908815-07	\N	398	22	2017-10	1237.3899999999999	90	1147.3899999999999	1005
2017-10-10 15:08:09.909179-07	\N	399	23	2017-10	937.39	90	847.39	1005
2017-10-11 14:56:34.719903-07	\N	400	1	2017-10	0	0	0	1006
2017-10-11 14:56:34.719793-07	\N	401	20	2017-10	0	0	0	1006
2017-10-11 14:56:34.719797-07	\N	402	23	2017-10	0	0	0	1006
2017-10-11 14:56:34.721096-07	\N	403	21	2017-10	0	0	0	1006
2017-10-11 14:56:34.786925-07	\N	404	22	2017-10	0	0	0	1006
2017-10-11 14:56:34.790592-07	\N	405	17	2017-10	0	0	0	1006
2017-10-11 14:56:34.803568-07	\N	406	10	2017-10	0	0	0	1006
2017-10-11 14:56:34.804308-07	\N	407	2	2017-10	653.74	120	533.74	1006
2017-10-11 14:57:06.5698-07	\N	408	17	2017-10	0	0	0	1007
2017-10-11 14:57:06.58782-07	\N	409	20	2017-10	0	0	0	1007
2017-10-11 14:57:06.588782-07	\N	410	21	2017-10	0	0	0	1007
2017-10-11 14:57:06.590111-07	\N	411	22	2017-10	0	0	0	1007
2017-10-11 14:57:06.645138-07	\N	412	23	2017-10	0	0	0	1007
2017-10-11 14:57:06.646129-07	\N	413	1	2017-10	0	0	0	1007
2017-10-11 14:57:06.653834-07	\N	414	10	2017-10	0	0	0	1007
2017-10-11 14:57:06.680706-07	\N	415	2	2017-10	653.74	120	533.74	1007
2017-10-11 14:59:26.557177-07	\N	416	17	2017-10	0	0	0	1008
2017-10-11 14:59:26.559164-07	\N	417	20	2017-10	0	0	0	1008
2017-10-11 14:59:26.573332-07	\N	418	23	2017-10	0	0	0	1008
2017-10-11 14:59:26.574207-07	\N	419	21	2017-10	0	0	0	1008
2017-10-11 14:59:26.619442-07	\N	420	10	2017-10	0	0	0	1008
2017-10-11 14:59:26.622392-07	\N	421	22	2017-10	0	0	0	1008
2017-10-11 14:59:26.670506-07	\N	422	2	2017-10	653.74	120	533.74	1008
2017-10-11 14:59:26.68794-07	\N	423	1	2017-10	719.0799999999999	90	629.0799999999999	1008
2017-10-11 15:15:40.103227-07	\N	424	20	2017-10	0	0	0	1009
2017-10-11 15:15:40.117983-07	\N	425	17	2017-10	0	0	0	1009
2017-10-11 15:15:40.119004-07	\N	426	22	2017-10	0	0	0	1009
2017-10-11 15:15:40.119994-07	\N	427	23	2017-10	0	0	0	1009
2017-10-11 15:15:40.160328-07	\N	428	10	2017-10	0	0	0	1009
2017-10-11 15:15:40.175247-07	\N	429	21	2017-10	0	0	0	1009
2017-10-11 15:15:40.225956-07	\N	430	2	2017-10	653.74	120	533.74	1009
2017-10-11 15:15:40.226703-07	\N	431	1	2017-10	719.0799999999999	90	629.0799999999999	1009
2017-10-11 17:50:55.05658-07	\N	432	17	2017-10	0	0	0	1010
2017-10-11 17:50:55.06644-07	\N	433	20	2017-10	0	0	0	1010
2017-10-11 17:50:55.067788-07	\N	434	22	2017-10	0	0	0	1010
2017-10-11 17:50:55.076614-07	\N	435	10	2017-10	0	0	0	1010
2017-10-11 17:50:55.123309-07	\N	436	23	2017-10	0	0	0	1010
2017-10-11 17:50:55.127745-07	\N	437	21	2017-10	0	0	0	1010
2017-10-11 17:50:55.138012-07	\N	438	2	2017-10	653.74	120	533.74	1010
2017-10-11 17:50:55.152548-07	\N	439	1	2017-10	719.0799999999999	90	629.0799999999999	1010
2017-10-18 14:25:19.632071-07	\N	440	21	2017-10	0	0	0	1011
2017-10-18 14:25:19.632042-07	\N	443	10	2017-10	0	0	0	1011
2017-10-18 14:25:19.632071-07	\N	441	23	2017-10	0	0	0	1011
2017-10-18 14:25:19.632046-07	\N	442	22	2017-10	0	0	0	1011
2017-10-18 14:25:19.632105-07	\N	444	17	2017-10	0	0	0	1011
2017-10-18 14:25:19.63206-07	\N	445	20	2017-10	0	0	0	1011
2017-10-18 14:25:19.85785-07	\N	446	2	2017-10	653.74	120	533.74	1011
2017-10-18 14:25:19.897998-07	\N	447	1	2017-10	719.0799999999999	90	629.0799999999999	1011
2017-10-18 14:26:13.705262-07	\N	448	17	2017-10	0	0	0	1012
2017-10-18 14:26:22.693345-07	\N	449	22	2017-10	0	0	0	1012
2017-10-18 14:26:22.707454-07	\N	450	20	2017-10	0	0	0	1012
2017-10-18 14:26:22.754127-07	\N	451	23	2017-10	0	0	0	1012
2017-10-18 14:26:22.955971-07	\N	452	2	2017-10	653.74	120	533.74	1012
2017-10-18 14:26:23.016903-07	\N	453	1	2017-10	719.0799999999999	90	629.0799999999999	1012
2017-10-18 14:26:23.153233-07	\N	454	21	2017-10	0	0	0	1012
2017-10-18 14:26:23.425009-07	\N	455	10	2017-10	0	0	0	1012
2017-10-18 14:28:18.779507-07	\N	456	20	2017-10	0	0	0	1013
2017-10-18 14:28:18.880657-07	\N	457	17	2017-10	0	0	0	1013
2017-10-18 14:28:18.908944-07	\N	458	21	2017-10	0	0	0	1013
2017-10-18 14:28:18.930023-07	\N	459	23	2017-10	0	0	0	1013
2017-10-18 14:28:18.954934-07	\N	460	10	2017-10	0	0	0	1013
2017-10-18 14:28:18.988769-07	\N	461	22	2017-10	0	0	0	1013
2017-10-18 14:28:19.134551-07	\N	462	2	2017-10	653.74	120	533.74	1013
2017-10-18 14:28:19.258642-07	\N	463	1	2017-10	719.0799999999999	90	629.0799999999999	1013
2017-10-18 18:27:16.35322-07	\N	466	22	2017-10	0	0	0	1014
2017-10-18 18:27:16.347909-07	\N	464	20	2017-10	0	0	0	1014
2017-10-18 18:27:16.347909-07	\N	465	17	2017-10	0	0	0	1014
2017-10-18 18:27:16.380828-07	\N	467	21	2017-10	0	0	0	1014
2017-10-18 18:27:16.408507-07	\N	468	23	2017-10	0	0	0	1014
2017-10-18 18:27:16.413354-07	\N	469	10	2017-10	0	0	0	1014
2017-10-18 18:27:17.02925-07	\N	470	2	2017-10	653.74	120	533.74	1014
2017-10-18 18:27:17.060869-07	\N	471	1	2017-10	1310.18	90	1220.18	1014
2017-10-18 18:27:21.194877-07	\N	472	17	2017-10	0	0	0	1015
2017-10-18 18:27:21.201959-07	\N	473	20	2017-10	0	0	0	1015
2017-10-18 18:27:21.2065-07	\N	474	22	2017-10	0	0	0	1015
2017-10-18 18:27:21.21812-07	\N	475	23	2017-10	0	0	0	1015
2017-10-18 18:27:21.21992-07	\N	476	21	2017-10	0	0	0	1015
2017-10-18 18:27:21.22075-07	\N	477	10	2017-10	0	0	0	1015
2017-10-18 18:27:21.28963-07	\N	478	2	2017-10	653.74	120	533.74	1015
2017-10-18 18:27:21.3051-07	\N	479	1	2017-10	1310.18	90	1220.18	1015
2017-10-18 18:27:35.264097-07	\N	480	20	2017-10	0	0	0	1016
2017-10-18 18:27:35.2661-07	\N	481	17	2017-10	0	0	0	1016
2017-10-18 18:27:35.276467-07	\N	482	22	2017-10	0	0	0	1016
2017-10-18 18:27:35.283885-07	\N	483	21	2017-10	0	0	0	1016
2017-10-18 18:27:35.341863-07	\N	484	23	2017-10	0	0	0	1016
2017-10-18 18:27:35.353429-07	\N	485	10	2017-10	0	0	0	1016
2017-10-18 18:27:35.354113-07	\N	486	2	2017-10	653.74	120	533.74	1016
2017-10-18 18:27:35.354815-07	\N	487	1	2017-10	1310.18	90	1220.18	1016
2017-10-18 18:27:59.494015-07	\N	488	10	2017-10	0	0	0	1017
2017-10-18 18:27:59.494808-07	\N	489	22	2017-10	0	0	0	1017
2017-10-18 18:27:59.495886-07	\N	490	17	2017-10	0	0	0	1017
2017-10-18 18:27:59.49696-07	\N	491	21	2017-10	0	0	0	1017
2017-10-18 18:27:59.549392-07	\N	492	23	2017-10	0	0	0	1017
2017-10-18 18:27:59.597171-07	\N	493	1	2017-10	1310.18	90	1220.18	1017
2017-10-18 18:27:59.597887-07	\N	494	2	2017-10	653.74	120	533.74	1017
2017-10-18 18:27:59.599008-07	\N	495	20	2017-10	0	0	0	1017
2017-10-19 09:53:54.517886-07	\N	496	20	2017-10	0	0	0	1018
2017-10-19 09:53:54.517892-07	\N	497	22	2017-10	0	0	0	1018
2017-10-19 09:53:54.517955-07	\N	499	23	2017-10	0	0	0	1018
2017-10-19 09:53:54.517933-07	\N	498	10	2017-10	0	0	0	1018
2017-10-19 09:53:54.712367-07	\N	500	17	2017-10	0	0	0	1018
2017-10-19 09:53:54.744579-07	\N	501	21	2017-10	0	0	0	1018
2017-10-19 09:53:54.758149-07	\N	502	2	2017-10	653.74	120	533.74	1018
2017-10-19 09:53:54.848567-07	\N	503	1	2017-10	1310.18	90	1220.18	1018
2017-10-19 14:32:13.495856-07	\N	505	23	2017-10	0	0	0	1019
2017-10-19 14:32:13.492412-07	\N	504	22	2017-10	0	0	0	1019
2017-10-19 14:32:13.493707-07	\N	506	10	2017-10	0	0	0	1019
2017-10-19 14:32:13.494683-07	\N	507	21	2017-10	0	0	0	1019
2017-10-19 14:32:13.588877-07	\N	508	20	2017-10	0	0	0	1019
2017-10-19 14:32:13.592047-07	\N	509	17	2017-10	0	0	0	1019
2017-10-19 14:32:13.623805-07	\N	510	1	2017-10	1310.18	90	1220.18	1019
2017-10-19 14:32:13.628795-07	\N	511	2	2017-10	653.74	120	533.74	1019
2017-10-19 14:34:04.67697-07	\N	512	21	2017-10	0	0	0	1020
2017-10-19 14:34:04.678112-07	\N	513	22	2017-10	0	0	0	1020
2017-10-19 14:34:04.684186-07	\N	514	10	2017-10	0	0	0	1020
2017-10-19 14:34:04.685089-07	\N	515	1	2017-10	1310.18	90	1220.18	1020
2017-10-19 14:34:04.75386-07	\N	516	23	2017-10	0	0	0	1020
2017-10-19 14:34:04.755242-07	\N	517	20	2017-10	0	0	0	1020
2017-10-19 14:34:04.766108-07	\N	518	2	2017-10	653.74	120	533.74	1020
2017-10-19 14:34:04.79005-07	\N	519	17	2017-10	719.0799999999999	90	629.0799999999999	1020
2017-10-19 14:42:51.283094-07	\N	520	20	2017-10	0	0	0	1021
2017-10-19 14:42:51.289321-07	\N	521	1	2017-10	1310.18	90	1220.18	1021
2017-10-19 14:42:51.293787-07	\N	522	22	2017-10	0	0	0	1021
2017-10-19 14:42:51.35121-07	\N	523	10	2017-10	0	0	0	1021
2017-10-19 14:42:51.352265-07	\N	524	23	2017-10	0	0	0	1021
2017-10-19 14:42:51.357725-07	\N	525	21	2017-10	0	0	0	1021
2017-10-19 14:42:51.3721-07	\N	526	2	2017-10	653.74	120	533.74	1021
2017-10-19 14:42:51.433664-07	\N	527	17	2017-10	719.0799999999999	90	629.0799999999999	1021
2017-10-19 14:42:51.434431-07	\N	528	24	2017-10	436.79	60	376.79	1021
2017-10-19 14:46:51.500216-07	\N	529	22	2017-10	0	0	0	1022
2017-10-19 14:46:51.501658-07	\N	530	20	2017-10	0	0	0	1022
2017-10-19 14:46:51.503928-07	\N	531	1	2017-10	1310.18	90	1220.18	1022
2017-10-19 14:46:51.56761-07	\N	532	23	2017-10	0	0	0	1022
2017-10-19 14:46:51.568763-07	\N	533	21	2017-10	0	0	0	1022
2017-10-19 14:46:51.569959-07	\N	534	10	2017-10	0	0	0	1022
2017-10-19 14:46:51.626665-07	\N	535	2	2017-10	653.74	120	533.74	1022
2017-10-19 14:46:51.651808-07	\N	536	17	2017-10	719.0799999999999	90	629.0799999999999	1022
2017-10-19 14:46:51.656753-07	\N	537	24	2017-10	436.79	60	376.79	1022
2017-10-19 15:23:30.464405-07	\N	538	20	2017-10	0	0	0	1023
2017-10-19 15:23:30.465305-07	\N	539	21	2017-10	0	0	0	1023
2017-10-19 15:23:30.466374-07	\N	540	22	2017-10	0	0	0	1023
2017-10-19 15:23:30.525774-07	\N	541	23	2017-10	0	0	0	1023
2017-10-19 15:23:30.526788-07	\N	542	1	2017-10	1310.18	90	1220.18	1023
2017-10-19 15:23:30.52781-07	\N	543	10	2017-10	0	0	0	1023
2017-10-19 15:23:30.622726-07	\N	544	2	2017-10	653.74	120	533.74	1023
2017-10-19 15:23:30.626368-07	\N	545	17	2017-10	719.0799999999999	90	629.0799999999999	1023
2017-10-19 15:23:30.630295-07	\N	546	24	2017-10	436.79	60	376.79	1023
\.


--
-- Data for Name: dependent; Type: TABLE DATA; Schema: public; Owner: postgres
--

COPY public.dependent (create_ts, update_ts, id, first_name, last_name, birthday, employee_id, medical_plan_flag, dental_plan_flag, vision_plan_flag, type, effective_date) FROM stdin;
2017-09-26 14:09:29.321891-07	\N	22	fn61	ln61	2005-06-13	10	t	t	f	Child	\N
2017-09-27 10:55:09.512649-07	\N	23	fn141	ln141	2011-05-10	20	t	t	t	Child	\N
2017-09-27 11:00:14.780936-07	\N	24	fn151	ln151	2011-01-10	21	t	t	f	Child	\N
2017-09-20 13:41:56.383-07	\N	21	fn12-1	ln12-1	2010-08-01	17	t	t	t	Child	\N
2017-09-28 11:01:46.993815-07	\N	25	fn161	ln161	2000-02-01	22	t	t	f	Child	\N
2017-09-28 11:02:23.313461-07	\N	26	fn162	ln162	2002-03-02	22	t	t	f	Child	\N
2017-09-28 15:04:31.423815-07	\N	27	fn171	ln171	2002-02-01	23	t	t	f	Child	\N
2017-07-28 10:36:57.682-07	\N	16	FN2	LN2	2010-12-10	1	t	f	t	Child	\N
2017-08-30 09:33:05.05-07	\N	20	FN2	LN2	2006-12-24	2	t	f	t	Child	2017-09-29
\.


--
-- Data for Name: employee; Type: TABLE DATA; Schema: public; Owner: postgres
--

COPY public.employee (create_ts, update_ts, id, first_name, last_name, login, status, birthday, email, start_date, medical_plan_id, dental_plan_id, vision_plan_id, medical_comp_id, dental_comp_id, vision_comp_id) FROM stdin;
2017-09-19 15:01:34.511-07	\N	16	fn11	ln11	11@gmail.com	INACTIVE	\N	\N	\N	\N	\N	\N	\N	\N	\N
2017-09-19 14:58:27.397-07	\N	15	fn10	ln10	10@gmail.com	INACTIVE	\N	\N	\N	\N	\N	\N	\N	\N	\N
2017-04-03 14:13:49.222-07	\N	3	FN111	LN111	login111@gmail.com	INACTIVE	\N	\N	\N	\N	\N	\N	\N	\N	\N
2017-04-03 14:17:26.852-07	\N	4	FN222	LN222	222@gmail.com	INACTIVE	\N	\N	\N	\N	\N	\N	\N	\N	\N
2017-04-06 09:45:03.758-07	\N	5	FN3	LN3	ln3@gmail.com	INACTIVE	\N	\N	\N	\N	\N	\N	\N	\N	\N
2017-07-24 11:09:12.869-07	\N	7	FN444	LN444	N444@gmail.com	INACTIVE	\N	\N	\N	\N	\N	\N	\N	\N	\N
2017-07-24 14:15:21.619-07	\N	9	FN5	LN5	N5	INACTIVE	\N	\N	\N	\N	\N	\N	\N	\N	\N
2017-08-31 17:10:54.26-07	\N	12	fn7	ln7	777@gmail.com	INACTIVE	\N	\N	\N	\N	\N	\N	\N	\N	\N
2017-08-31 17:13:10.398-07	\N	13	fn8	ln8	888@gmail.com	INACTIVE	\N	\N	\N	\N	\N	\N	\N	\N	\N
2017-09-11 11:33:41.577-07	\N	14	fn9	ln9	ln9@gmail.com	INACTIVE	\N	\N	\N	\N	\N	\N	\N	\N	\N
2017-09-26 12:12:19.520949-07	\N	18	fn13	ln13	13@gmail.com	INACTIVE	\N	\N	\N	\N	\N	\N	\N	\N	\N
2017-09-27 10:49:57.959914-07	\N	20	fn14	ln14	14@gmail.com	EE	1987-08-03	\N	2015-12-13	\N	\N	\N	\N	\N	\N
2017-09-28 10:57:55.590985-07	\N	22	fn16	ln16	16@gmail.com	EC	1987-07-14	\N	2015-12-14	\N	\N	\N	\N	\N	\N
2017-09-27 10:58:17.029022-07	\N	21	fn15	ln15	15@gmail.com	EC	1987-08-03	\N	2015-12-13	\N	\N	\N	\N	\N	\N
2017-09-28 15:01:40.641017-07	\N	23	fn17	ln17	17@gmail.com	EC	1987-07-14	\N	2015-12-14	\N	\N	\N	\N	\N	\N
2017-07-24 14:17:33.114-07	\N	10	FN6	LN6	xuejun_wang@yahoo.com	EC	1987-06-13	N6@gmail.com	2014-04-13	\N	\N	\N	\N	\N	\N
2017-03-22 13:59:27.141-07	\N	1	John	Smith	willy.wang@touchpointsinc.com	EC	1987-08-02	test115@gmail.com	2015-12-12	113	202	203	\N	\N	\N
2017-03-22 14:24:56.008-07	\N	2	John_1	Wang	willy.x.wang@gmail.com	FAM	1987-07-13	test11@gmail.com	2015-12-13	113	202	203	\N	\N	\N
2017-09-20 13:37:58.896-07	\N	17	fn12	ln12	12@gmail.com	EC	1987-08-02	12@gmail.com	2015-11-29	113	201	203	\N	\N	\N
2017-10-19 14:41:08.699537-07	\N	24	fn18	ln18	l18@gmail.com	EE	1988-07-14	test@gmail.com	2015-12-14	102	201	\N	\N	\N	\N
\.


--
-- Data for Name: employer_contribution; Type: TABLE DATA; Schema: public; Owner: postgres
--

COPY public.employer_contribution (id, service_year, amount, coverage_type, plan_type) FROM stdin;
1	1	150.00	EE	M
2	2	200.00	EE	M
3	3	250.00	EE	M
4	1	200.00	ES	M
5	2	250.00	ES	M
6	3	300.00	ES	M
8	2	275.00	EC	M
7	1	225.00	EC	M
9	3	325.00	EC	M
12	3	350.00	FAM	M
13	1	30.00	EE	D
14	2	35.00	EE	D
15	3	40.00	EE	D
16	1	45.00	ES	D
18	3	55.00	ES	D
17	2	50.00	ES	D
19	1	45.00	EC	D
20	2	50.00	EC	D
21	3	55.00	EC	D
23	2	65.00	FAM	D
22	1	60.00	FAM	D
24	3	70.00	FAM	D
11	2	300.00	FAM	M
10	1	250.00	FAM	M
\.


--
-- Data for Name: plan_cost; Type: TABLE DATA; Schema: public; Owner: postgres
--

COPY public.plan_cost (id, type, plan_id, min_age, max_age, cost) FROM stdin;
12	FAM	203	\N	\N	24.28
11	EC	203	\N	\N	218.11
10	ES	203	\N	\N	700.00
2	ES	201	\N	\N	56.07
3	EC	201	\N	\N	8.90
1	EE	201	\N	\N	56.07
6	ES	202	\N	\N	14.98
5	EE	202	\N	\N	116.41
8	FAM	202	\N	\N	137.39
4	FAM	201	\N	\N	500.00
7	EC	202	\N	\N	600.00
101	M	101	0	20	210.51
102	M	102	0	20	216.05
103	M	103	0	20	213.66
104	M	104	0	20	241.93
105	M	105	0	20	242.93
106	M	106	0	20	268.95
107	M	107	0	20	290.16
108	M	108	0	20	268.03
109	M	109	0	20	279.69
110	M	110	0	20	345.50
111	M	111	0	20	145.33
112	M	112	0	20	144.80
113	M	113	0	20	187.07
114	M	114	0	20	194.73
115	M	115	0	20	221.98
116	M	116	0	20	220.36
117	M	101	21	21	331.51
118	M	102	21	21	340.23
119	M	103	21	21	336.48
120	M	104	21	21	380.99
121	M	105	21	21	382.56
122	M	106	21	21	423.54
123	M	107	21	21	456.95
124	M	108	21	21	422.09
125	M	109	21	21	440.46
126	M	110	21	21	544.10
127	M	111	21	21	131.34
128	M	112	21	21	130.81
129	M	113	21	21	173.08
130	M	114	21	21	180.74
131	M	115	21	21	207.99
132	M	116	21	21	206.37
133	M	101	22	22	331.51
134	M	102	22	22	340.23
135	M	103	22	22	336.48
136	M	104	22	22	380.99
137	M	105	22	22	382.56
138	M	106	22	22	423.54
139	M	107	22	22	456.95
140	M	108	22	22	422.09
141	M	109	22	22	440.46
142	M	110	22	22	544.10
143	M	111	22	22	206.84
144	M	112	22	22	206.00
145	M	113	22	22	272.56
146	M	114	22	22	284.63
147	M	115	22	22	327.54
148	M	116	22	22	324.99
149	M	101	23	23	331.51
150	M	102	23	23	340.23
151	M	103	23	23	336.48
152	M	104	23	23	380.99
153	M	105	23	23	382.56
154	M	106	23	23	423.54
155	M	107	23	23	456.95
156	M	108	23	23	422.09
157	M	109	23	23	440.46
158	M	110	23	23	544.10
159	M	111	23	23	206.84
160	M	112	23	23	206.00
161	M	113	23	23	272.56
162	M	114	23	23	284.63
163	M	115	23	23	327.54
164	M	116	23	23	324.99
165	M	101	24	24	331.51
166	M	102	24	24	340.23
167	M	103	24	24	336.48
168	M	104	24	24	380.99
169	M	105	24	24	382.56
170	M	106	24	24	423.54
171	M	107	24	24	456.95
172	M	108	24	24	422.09
173	M	109	24	24	440.46
174	M	110	24	24	544.10
175	M	111	24	24	206.84
176	M	112	24	24	206.00
177	M	113	24	24	272.56
178	M	114	24	24	284.63
179	M	115	24	24	327.54
180	M	116	24	24	324.99
181	M	101	25	25	332.84
182	M	102	25	25	341.59
183	M	103	25	25	337.82
184	M	104	25	25	382.51
185	M	105	25	25	384.09
186	M	106	25	25	425.23
187	M	107	25	25	458.77
188	M	108	25	25	423.78
189	M	109	25	25	442.22
9	EE	203	\N	\N	15.28
190	M	110	25	25	546.27
191	M	111	25	25	206.84
192	M	112	25	25	206.00
193	M	113	25	25	272.56
194	M	114	25	25	284.63
195	M	115	25	25	327.54
196	M	116	25	25	324.99
197	M	101	26	26	339.47
198	M	102	26	26	348.40
199	M	103	26	26	344.55
200	M	104	26	26	390.13
201	M	105	26	26	391.74
202	M	106	26	26	433.70
203	M	107	26	26	467.91
204	M	108	26	26	432.22
205	M	109	26	26	451.03
206	M	110	26	26	557.16
207	M	111	26	26	207.67
208	M	112	26	26	206.83
209	M	113	26	26	273.65
210	M	114	26	26	285.77
211	M	115	26	26	328.85
212	M	116	26	26	326.29
213	M	101	27	27	347.42
214	M	102	27	27	356.56
215	M	103	27	27	352.63
216	M	104	27	27	399.27
217	M	105	27	27	400.93
218	M	106	27	27	443.87
219	M	107	27	27	478.88
220	M	108	27	27	442.35
221	M	109	27	27	461.60
222	M	110	27	27	570.22
223	M	111	27	27	211.80
224	M	112	27	27	210.95
225	M	113	27	27	279.10
226	M	114	27	27	291.46
227	M	115	27	27	335.40
228	M	116	27	27	332.79
229	M	101	28	28	360.35
230	M	102	28	28	369.83
231	M	103	28	28	365.75
232	M	104	28	28	414.13
233	M	105	28	28	415.85
234	M	106	28	28	460.39
235	M	107	28	28	496.70
236	M	108	28	28	458.82
237	M	109	28	28	478.78
238	M	110	28	28	591.44
239	M	111	28	28	216.77
240	M	112	28	28	215.89
241	M	113	28	28	285.64
242	M	114	28	28	298.29
243	M	115	28	28	343.26
244	M	116	28	28	340.59
245	M	101	29	29	370.96
246	M	102	29	29	380.72
247	M	103	29	29	376.52
248	M	104	29	29	426.32
249	M	105	29	29	428.09
250	M	106	29	29	473.94
251	M	107	29	29	511.32
252	M	108	29	29	472.32
253	M	109	29	29	492.87
254	M	110	29	29	608.85
255	M	111	29	29	224.83
256	M	112	29	29	223.93
257	M	113	29	29	296.27
258	M	114	29	29	309.39
259	M	115	29	29	356.03
260	M	116	29	29	353.26
261	M	101	30	30	376.26
262	M	102	30	30	386.16
263	M	103	30	30	381.90
264	M	104	30	30	432.42
265	M	105	30	30	434.21
266	M	106	30	30	480.72
267	M	107	30	30	518.63
268	M	108	30	30	479.08
269	M	109	30	30	499.92
270	M	110	30	30	617.55
271	M	111	30	30	231.45
272	M	112	30	30	230.52
273	M	113	30	30	305.00
274	M	114	30	30	318.50
275	M	115	30	30	366.52
276	M	116	30	30	363.66
277	M	101	31	31	384.22
278	M	102	31	31	394.33
279	M	103	31	31	389.98
280	M	104	31	31	441.56
281	M	105	31	31	443.39
282	M	106	31	31	490.88
283	M	107	31	31	529.60
284	M	108	31	31	489.21
285	M	109	31	31	510.49
286	M	110	31	31	630.61
287	M	111	31	31	234.76
288	M	112	31	31	233.81
289	M	113	31	31	309.36
290	M	114	31	31	323.05
291	M	115	31	31	371.76
292	M	116	31	31	368.86
293	M	101	32	32	392.18
294	M	102	32	32	402.49
295	M	103	32	32	398.05
296	M	104	32	32	450.71
297	M	105	32	32	452.57
298	M	106	32	32	501.05
299	M	107	32	32	540.57
300	M	108	32	32	499.34
301	M	109	32	32	521.06
302	M	110	32	32	643.67
303	M	111	32	32	239.73
304	M	112	32	32	238.76
305	M	113	32	32	315.90
306	M	114	32	32	329.89
307	M	115	32	32	379.62
308	M	116	32	32	376.66
309	M	101	33	33	397.15
310	M	102	33	33	407.60
311	M	103	33	33	403.10
312	M	104	33	33	456.42
313	M	105	33	33	458.31
314	M	106	33	33	507.40
315	M	107	33	33	547.42
316	M	108	33	33	505.67
317	M	109	33	33	527.67
318	M	110	33	33	651.83
319	M	111	33	33	244.69
320	M	112	33	33	243.70
321	M	113	33	33	322.44
322	M	114	33	33	336.72
323	M	115	33	33	387.48
324	M	116	33	33	384.46
325	M	101	34	34	402.45
326	M	102	34	34	413.04
327	M	103	34	34	408.48
328	M	104	34	34	462.52
329	M	105	34	34	464.43
330	M	106	34	34	514.18
331	M	107	34	34	554.73
332	M	108	34	34	512.42
333	M	109	34	34	534.72
334	M	110	34	34	660.54
335	M	111	34	34	247.79
336	M	112	34	34	246.79
337	M	113	34	34	326.53
338	M	114	34	34	340.99
339	M	115	34	34	392.39
340	M	116	34	34	389.34
341	M	101	35	35	405.11
342	M	102	35	35	415.76
343	M	103	35	35	411.18
344	M	104	35	35	465.56
345	M	105	35	35	467.49
346	M	106	35	35	517.57
347	M	107	35	35	558.39
348	M	108	35	35	515.80
349	M	109	35	35	538.24
350	M	110	35	35	664.89
351	M	111	35	35	251.10
352	M	112	35	35	250.09
353	M	113	35	35	330.89
354	M	114	35	35	345.54
355	M	115	35	35	397.63
356	M	116	35	35	394.53
357	M	101	36	36	407.76
358	M	102	36	36	418.48
359	M	103	36	36	413.87
360	M	104	36	36	468.61
361	M	105	36	36	470.55
362	M	106	36	36	520.95
363	M	107	36	36	562.04
364	M	108	36	36	519.17
365	M	109	36	36	541.77
366	M	110	36	36	669.24
367	M	111	36	36	252.76
368	M	112	36	36	251.74
369	M	113	36	36	333.07
370	M	114	36	36	347.82
371	M	115	36	36	400.25
372	M	116	36	36	397.13
373	M	101	37	37	410.41
374	M	102	37	37	421.21
375	M	103	37	37	416.56
376	M	104	37	37	471.66
377	M	105	37	37	473.61
378	M	106	37	37	524.34
379	M	107	37	37	565.70
380	M	108	37	37	522.55
381	M	109	37	37	545.29
382	M	110	37	37	673.59
383	M	111	37	37	254.41
384	M	112	37	37	253.38
385	M	113	37	37	335.25
386	M	114	37	37	350.09
387	M	115	37	37	402.87
388	M	116	37	37	399.73
389	M	101	38	38	413.06
390	M	102	38	38	423.93
391	M	103	38	38	419.25
392	M	104	38	38	474.71
393	M	105	38	38	476.67
394	M	106	38	38	527.73
395	M	107	38	38	569.35
396	M	108	38	38	525.93
397	M	109	38	38	548.81
398	M	110	38	38	677.95
399	M	111	38	38	256.07
400	M	112	38	38	255.03
401	M	113	38	38	337.43
402	M	114	38	38	352.37
403	M	115	38	38	405.49
404	M	116	38	38	402.33
405	M	101	39	39	418.37
406	M	102	39	39	429.37
407	M	103	39	39	424.63
408	M	104	39	39	480.80
409	M	105	39	39	482.79
410	M	106	39	39	534.51
411	M	107	39	39	576.66
412	M	108	39	39	532.68
413	M	109	39	39	555.86
414	M	110	39	39	686.65
415	M	111	39	39	257.72
416	M	112	39	39	256.68
417	M	113	39	39	339.61
418	M	114	39	39	354.65
419	M	115	39	39	408.11
420	M	116	39	39	404.93
421	M	101	40	40	423.67
422	M	102	40	40	434.82
423	M	103	40	40	430.02
424	M	104	40	40	486.90
425	M	105	40	40	488.92
426	M	106	40	40	541.28
427	M	107	40	40	583.98
428	M	108	40	40	539.44
429	M	109	40	40	562.91
430	M	110	40	40	695.36
431	M	111	40	40	261.03
432	M	112	40	40	259.98
433	M	113	40	40	343.97
434	M	114	40	40	359.20
435	M	115	40	40	413.35
436	M	116	40	40	410.13
437	M	101	41	41	431.63
438	M	102	41	41	442.98
439	M	103	41	41	438.09
440	M	104	41	41	496.04
441	M	105	41	41	498.10
442	M	106	41	41	551.45
443	M	107	41	41	594.94
444	M	108	41	41	549.57
445	M	109	41	41	573.48
446	M	110	41	41	708.42
447	M	111	41	41	264.34
448	M	112	41	41	263.27
449	M	113	41	41	348.33
450	M	114	41	41	363.76
451	M	115	41	41	418.59
452	M	116	41	41	415.33
453	M	101	42	42	439.25
454	M	102	42	42	450.81
455	M	103	42	42	445.83
456	M	104	42	42	504.81
457	M	105	42	42	506.90
458	M	106	42	42	561.19
459	M	107	42	42	605.45
460	M	108	42	42	559.27
461	M	109	42	42	583.61
462	M	110	42	42	720.93
463	M	111	42	42	269.31
464	M	112	42	42	268.22
465	M	113	42	42	354.87
466	M	114	42	42	370.59
467	M	115	42	42	426.46
468	M	116	42	42	423.13
469	M	101	43	43	449.86
470	M	102	43	43	461.69
471	M	103	43	43	456.60
472	M	104	43	43	517.00
473	M	105	43	43	519.14
474	M	106	43	43	574.74
475	M	107	43	43	620.07
476	M	108	43	43	572.78
477	M	109	43	43	597.70
478	M	110	43	43	738.34
479	M	111	43	43	274.06
480	M	112	43	43	272.95
481	M	113	43	43	361.14
482	M	114	43	43	377.13
483	M	115	43	43	433.99
484	M	116	43	43	430.61
485	M	101	44	44	463.12
486	M	102	44	44	475.30
487	M	103	44	44	470.06
488	M	104	44	44	532.24
489	M	105	44	44	534.44
490	M	106	44	44	591.69
491	M	107	44	44	638.35
492	M	108	44	44	589.66
493	M	109	44	44	615.32
494	M	110	44	44	760.11
495	M	111	44	44	280.68
496	M	112	44	44	279.55
497	M	113	44	44	369.86
498	M	114	44	44	386.24
499	M	115	44	44	444.47
500	M	116	44	44	441.01
501	M	101	45	45	478.70
502	M	102	45	45	491.29
503	M	103	45	45	485.87
504	M	104	45	45	550.14
505	M	105	45	45	552.42
506	M	106	45	45	611.59
507	M	107	45	45	659.83
508	M	108	45	45	609.50
509	M	109	45	45	636.02
510	M	110	45	45	785.68
511	M	111	45	45	288.96
512	M	112	45	45	287.79
513	M	113	45	45	380.77
514	M	114	45	45	397.63
515	M	115	45	45	457.57
516	M	116	45	45	454.01
517	M	101	46	46	497.27
518	M	102	46	46	510.35
519	M	103	46	46	504.72
520	M	104	46	46	571.48
521	M	105	46	46	573.84
522	M	106	46	46	635.31
523	M	107	46	46	685.42
524	M	108	46	46	633.14
525	M	109	46	46	660.69
526	M	110	46	46	816.15
527	M	111	46	46	298.68
528	M	112	46	46	297.47
529	M	113	46	46	393.58
530	M	114	46	46	411.00
531	M	115	46	46	472.97
532	M	116	46	46	469.28
533	M	101	47	47	518.15
534	M	102	47	47	531.78
535	M	103	47	47	525.91
536	M	104	47	47	595.48
537	M	105	47	47	597.95
538	M	106	47	47	661.99
539	M	107	47	47	714.21
540	M	108	47	47	659.73
541	M	109	47	47	688.44
542	M	110	47	47	850.43
543	M	111	47	47	310.26
544	M	112	47	47	309.00
545	M	113	47	47	408.84
546	M	114	47	47	426.94
547	M	115	47	47	491.31
548	M	116	47	47	487.48
549	M	101	48	48	542.02
550	M	102	48	48	556.28
551	M	103	48	48	550.14
552	M	104	48	48	622.91
553	M	105	48	48	625.49
554	M	106	48	48	692.49
555	M	107	48	48	747.11
556	M	108	48	48	690.12
557	M	109	48	48	720.15
558	M	110	48	48	889.60
559	M	111	48	48	323.29
560	M	112	48	48	321.98
561	M	113	48	48	426.01
562	M	114	48	48	444.88
563	M	115	48	48	511.94
564	M	116	48	48	507.96
565	M	101	49	49	565.56
566	M	102	49	49	580.43
567	M	103	49	49	574.03
568	M	104	49	49	649.96
569	M	105	49	49	652.65
570	M	106	49	49	722.56
571	M	107	49	49	779.55
572	M	108	49	49	720.09
573	M	109	49	49	751.42
574	M	110	49	49	928.23
575	M	111	49	49	338.18
576	M	112	49	49	336.82
577	M	113	49	49	445.64
578	M	114	49	49	465.37
579	M	115	49	49	535.53
580	M	116	49	49	531.35
581	M	101	50	50	592.08
582	M	102	50	50	607.65
583	M	103	50	50	600.95
584	M	104	50	50	680.44
585	M	105	50	50	683.26
586	M	106	50	50	756.44
587	M	107	50	50	816.10
588	M	108	50	50	753.86
589	M	109	50	50	786.66
590	M	110	50	50	971.76
591	M	111	50	50	352.87
592	M	112	50	50	351.44
593	M	113	50	50	464.99
594	M	114	50	50	485.58
595	M	115	50	50	558.78
596	M	116	50	50	554.43
597	M	101	51	51	618.27
598	M	102	51	51	634.53
599	M	103	51	51	627.53
600	M	104	51	51	710.54
601	M	105	51	51	713.48
602	M	106	51	51	789.90
603	M	107	51	51	852.20
604	M	108	51	51	787.20
605	M	109	51	51	821.46
607	M	111	51	51	369.42
608	M	112	51	51	367.92
609	M	113	51	51	486.79
610	M	114	51	51	508.35
611	M	115	51	51	584.98
612	M	116	51	51	580.43
613	M	101	52	52	647.11
614	M	102	52	52	664.13
615	M	103	52	52	656.80
616	M	104	52	52	743.68
617	M	105	52	52	746.76
618	M	106	52	52	826.75
619	M	107	52	52	891.96
620	M	108	52	52	823.93
621	M	109	52	52	859.78
623	M	111	52	52	385.76
624	M	112	52	52	384.20
625	M	113	52	52	508.33
626	M	114	52	52	530.83
627	M	115	52	52	610.86
628	M	116	52	52	606.10
629	M	101	53	53	676.28
630	M	102	53	53	694.07
631	M	103	53	53	686.41
632	M	104	53	53	777.21
633	M	105	53	53	780.43
634	M	106	53	53	864.02
635	M	107	53	53	932.17
636	M	108	53	53	861.07
637	M	109	53	53	898.54
639	M	111	53	53	403.75
640	M	112	53	53	402.12
641	M	113	53	53	532.04
642	M	114	53	53	555.60
643	M	115	53	53	639.36
644	M	116	53	53	634.38
645	M	101	54	54	707.78
646	M	102	54	54	726.39
647	M	103	54	54	718.38
648	M	104	54	54	813.40
649	M	105	54	54	816.77
650	M	106	54	54	904.26
651	M	107	54	54	975.58
652	M	108	54	54	901.17
653	M	109	54	54	940.38
655	M	111	54	54	421.95
656	M	112	54	54	420.25
657	M	113	54	54	556.02
658	M	114	54	54	580.64
659	M	115	54	54	668.18
660	M	116	54	54	662.97
661	M	101	55	55	739.27
662	M	102	55	55	758.71
663	M	103	55	55	750.35
664	M	104	55	55	849.60
665	M	105	55	55	853.12
666	M	106	55	55	944.49
668	M	108	55	55	941.27
669	M	109	55	55	982.22
622	M	110	52	52	1062.08
671	M	111	55	55	441.60
672	M	112	55	55	439.82
673	M	113	55	55	581.92
674	M	114	55	55	607.68
675	M	115	55	55	699.30
676	M	116	55	55	693.85
677	M	101	56	56	773.41
678	M	102	56	56	793.76
679	M	103	56	56	785.00
680	M	104	56	56	888.84
681	M	105	56	56	892.52
682	M	106	56	56	988.12
684	M	108	56	56	984.74
687	M	111	56	56	461.25
688	M	112	56	56	459.39
689	M	113	56	56	607.81
690	M	114	56	56	634.72
691	M	115	56	56	730.41
692	M	116	56	56	724.72
693	M	101	57	57	807.89
694	M	102	57	57	829.14
695	M	103	57	57	820.00
696	M	104	57	57	928.46
697	M	105	57	57	932.31
703	M	111	57	57	482.56
704	M	112	57	57	480.61
705	M	113	57	57	635.88
706	M	114	57	57	664.04
707	M	115	57	57	764.15
708	M	116	57	57	758.20
709	M	101	58	58	844.69
710	M	102	58	58	866.91
711	M	103	58	58	857.35
712	M	104	58	58	970.75
713	M	105	58	58	974.77
719	M	111	58	58	504.07
720	M	112	58	58	502.03
721	M	113	58	58	664.23
722	M	114	58	58	693.64
723	M	115	58	58	798.21
724	M	116	58	58	791.99
725	M	101	59	59	862.92
726	M	102	59	59	885.62
727	M	103	59	59	875.85
728	M	104	59	59	991.71
729	M	105	59	59	995.81
735	M	111	59	59	527.03
736	M	112	59	59	524.90
737	M	113	59	59	694.48
738	M	114	59	59	725.24
739	M	115	59	59	834.57
740	M	116	59	59	828.07
741	M	101	60	60	899.72
742	M	102	60	60	923.39
743	M	103	60	60	913.20
751	M	111	60	60	538.40
752	M	112	60	60	536.23
753	M	113	60	60	709.48
754	M	114	60	60	740.89
755	M	115	60	60	852.58
756	M	116	60	60	845.94
757	M	101	61	61	931.55
758	M	102	61	61	956.05
759	M	103	61	61	945.50
767	M	111	61	61	561.36
768	M	112	61	61	559.09
769	M	113	61	61	739.73
770	M	114	61	61	772.48
771	M	115	61	61	888.94
772	M	116	61	61	882.02
773	M	101	62	62	952.43
774	M	102	62	62	977.48
775	M	103	62	62	966.70
783	M	111	62	62	581.22
784	M	112	62	62	578.87
785	M	113	62	62	765.90
786	M	114	62	62	799.81
787	M	115	62	62	920.38
788	M	116	62	62	913.21
789	M	101	63	63	978.62
749	M	109	60	60	1195.41
782	M	110	62	62	1563.19
780	M	108	62	62	1212.67
781	M	109	62	62	1265.44
778	M	106	62	62	1216.83
779	M	107	62	62	1312.80
777	M	105	62	62	1099.10
776	M	104	62	62	1094.57
762	M	106	61	61	1190.15
761	M	105	61	61	1075.00
760	M	104	61	61	1070.57
750	M	110	60	60	1476.68
766	M	110	61	61	1528.92
765	M	109	61	61	1237.69
764	M	108	61	61	1186.08
763	M	107	61	61	1284.02
791	M	103	63	63	993.28
799	M	111	63	63	594.25
800	M	112	63	63	591.85
801	M	113	63	63	783.07
802	M	114	63	63	817.74
803	M	115	63	63	941.02
804	M	116	63	63	933.69
805	M	101	64	99	994.53
815	M	111	64	99	610.59
816	M	112	64	99	608.12
817	M	113	64	99	804.60
818	M	114	64	99	840.23
819	M	115	64	99	966.89
820	M	116	64	99	959.36
744	M	104	60	60	1034.00
745	M	105	60	60	1038.28
746	M	106	60	60	1149.49
747	M	107	60	60	1240.15
731	M	107	59	59	1189.43
732	M	108	59	59	1098.71
733	M	109	59	59	1146.52
734	M	110	59	59	1416.29
748	M	108	60	60	1145.56
654	M	110	54	54	1161.65
638	M	110	53	53	1109.96
670	M	110	55	55	1213.34
667	M	107	55	55	1018.99
685	M	109	56	56	1027.59
683	M	107	56	56	1066.05
698	M	106	57	57	1032.17
686	M	110	56	56	1269.38
700	M	108	57	57	1028.64
699	M	107	57	57	1113.58
702	M	110	57	57	1325.97
701	M	109	57	57	1073.40
715	M	107	58	58	1164.30
714	M	106	58	58	1079.18
717	M	109	58	58	1122.29
716	M	108	58	58	1075.49
730	M	106	59	59	1102.47
718	M	110	58	58	1386.36
809	M	105	64	99	1147.69
797	M	109	63	63	1300.24
813	M	109	64	99	1321.38
814	M	110	64	99	1632.30
806	M	102	64	99	1020.69
798	M	110	63	63	1606.18
794	M	106	63	63	1250.29
795	M	107	63	63	1348.90
792	M	104	63	63	1124.67
793	M	105	63	63	1129.33
790	M	102	63	63	1004.36
812	M	108	64	99	1266.28
811	M	107	64	99	1370.84
808	M	104	64	99	1142.96
807	M	103	64	99	1009.43
810	M	106	64	99	1270.62
796	M	108	63	63	1246.02
606	M	110	51	51	1014.74
\.


--
-- Name: audit_id_seq; Type: SEQUENCE SET; Schema: public; Owner: postgres
--

SELECT pg_catalog.setval('public.audit_id_seq', 3, true);


--
-- Name: benefit_plan_id_seq; Type: SEQUENCE SET; Schema: public; Owner: postgres
--

SELECT pg_catalog.setval('public.benefit_plan_id_seq', 8, true);


--
-- Name: benefit_report_id_seq; Type: SEQUENCE SET; Schema: public; Owner: postgres
--

SELECT pg_catalog.setval('public.benefit_report_id_seq', 546, true);


--
-- Name: dependent_id_seq; Type: SEQUENCE SET; Schema: public; Owner: postgres
--

SELECT pg_catalog.setval('public.dependent_id_seq', 28, true);


--
-- Name: employee_id_seq; Type: SEQUENCE SET; Schema: public; Owner: postgres
--

SELECT pg_catalog.setval('public.employee_id_seq', 24, true);


--
-- Name: employer_contribution_id_seq; Type: SEQUENCE SET; Schema: public; Owner: postgres
--

SELECT pg_catalog.setval('public.employer_contribution_id_seq', 101, true);


--
-- Name: plan_cost_id_seq; Type: SEQUENCE SET; Schema: public; Owner: postgres
--

SELECT pg_catalog.setval('public.plan_cost_id_seq', 820, true);


--
-- Name: benefit_plan PK; Type: CONSTRAINT; Schema: public; Owner: postgres
--

ALTER TABLE ONLY public.benefit_plan
    ADD CONSTRAINT "PK" PRIMARY KEY (id);


--
-- Name: audit Test111_pkey; Type: CONSTRAINT; Schema: public; Owner: postgres
--

ALTER TABLE ONLY public.audit
    ADD CONSTRAINT "Test111_pkey" PRIMARY KEY (id);


--
-- Name: benefit_report benefit_report_pkey; Type: CONSTRAINT; Schema: public; Owner: postgres
--

ALTER TABLE ONLY public.benefit_report
    ADD CONSTRAINT benefit_report_pkey PRIMARY KEY (id);


--
-- Name: employer_contribution compensation_pkey; Type: CONSTRAINT; Schema: public; Owner: postgres
--

ALTER TABLE ONLY public.employer_contribution
    ADD CONSTRAINT compensation_pkey PRIMARY KEY (id);


--
-- Name: dependent dependent_pkey; Type: CONSTRAINT; Schema: public; Owner: postgres
--

ALTER TABLE ONLY public.dependent
    ADD CONSTRAINT dependent_pkey PRIMARY KEY (id);


--
-- Name: employee employee_login_key; Type: CONSTRAINT; Schema: public; Owner: postgres
--

ALTER TABLE ONLY public.employee
    ADD CONSTRAINT employee_login_key UNIQUE (login);


--
-- Name: employee employee_pkey; Type: CONSTRAINT; Schema: public; Owner: postgres
--

ALTER TABLE ONLY public.employee
    ADD CONSTRAINT employee_pkey PRIMARY KEY (id);


--
-- Name: plan_cost plan_cost_pkey; Type: CONSTRAINT; Schema: public; Owner: postgres
--

ALTER TABLE ONLY public.plan_cost
    ADD CONSTRAINT plan_cost_pkey PRIMARY KEY (id);


--
-- PostgreSQL database dump complete
--

